-- phpMyAdmin SQL Dump
-- version 5.2.1
-- https://www.phpmyadmin.net/
--
-- Anamakine: localhost:3306
-- Üretim Zamanı: 26 Ara 2024, 20:25:37
-- Sunucu sürümü: 10.3.39-MariaDB-0ubuntu0.20.04.2
-- PHP Sürümü: 8.3.11

SET SQL_MODE = "NO_AUTO_VALUE_ON_ZERO";
START TRANSACTION;
SET time_zone = "+00:00";


/*!40101 SET @OLD_CHARACTER_SET_CLIENT=@@CHARACTER_SET_CLIENT */;
/*!40101 SET @OLD_CHARACTER_SET_RESULTS=@@CHARACTER_SET_RESULTS */;
/*!40101 SET @OLD_COLLATION_CONNECTION=@@COLLATION_CONNECTION */;
/*!40101 SET NAMES utf8mb4 */;

--
-- Veritabanı: `odev_db`
--

-- --------------------------------------------------------

--
-- Tablo için tablo yapısı `siparisler`
--

CREATE TABLE `siparisler` (
  `id` int(11) NOT NULL,
  `sube_id` int(11) NOT NULL,
  `urun_id` int(11) NOT NULL,
  `adet` int(11) NOT NULL,
  `siparis_tarihi` date NOT NULL
) ENGINE=InnoDB DEFAULT CHARSET=utf8 COLLATE=utf8_general_ci;

--
-- Tablo döküm verisi `siparisler`
--

INSERT INTO `siparisler` (`id`, `sube_id`, `urun_id`, `adet`, `siparis_tarihi`) VALUES
(1, 1, 1, 27, '2024-01-01'),
(2, 1, 5, 13, '2024-01-02'),
(3, 1, 10, 28, '2024-01-05'),
(4, 1, 2, 19, '2024-01-10'),
(5, 1, 8, 8, '2024-01-10'),
(6, 1, 7, 29, '2024-01-15'),
(7, 1, 14, 12, '2024-01-16'),
(8, 1, 15, 22, '2024-01-20'),
(9, 1, 19, 16, '2024-01-25'),
(10, 1, 20, 9, '2024-01-31'),
(11, 2, 2, 19, '2024-01-02'),
(12, 2, 3, 10, '2024-01-02'),
(13, 2, 1, 14, '2024-01-03'),
(14, 2, 9, 10, '2024-01-03'),
(15, 2, 10, 6, '2024-01-05'),
(16, 2, 4, 18, '2024-01-06'),
(17, 2, 13, 18, '2024-01-07'),
(18, 2, 5, 29, '2024-01-10'),
(19, 2, 16, 10, '2024-01-12'),
(20, 2, 18, 11, '2024-01-20'),
(21, 2, 11, 20, '2024-01-28'),
(22, 2, 17, 12, '2024-01-28'),
(23, 3, 1, 22, '2024-01-01'),
(24, 3, 15, 16, '2024-01-02'),
(25, 3, 7, 8, '2024-01-03'),
(26, 3, 2, 15, '2024-01-10'),
(27, 3, 10, 20, '2024-01-11'),
(28, 3, 5, 27, '2024-01-15'),
(29, 3, 14, 15, '2024-01-18'),
(30, 3, 20, 16, '2024-01-25'),
(31, 4, 1, 7, '2024-02-01'),
(32, 4, 2, 5, '2024-02-01'),
(33, 4, 3, 28, '2024-02-03'),
(34, 4, 4, 15, '2024-02-03'),
(35, 4, 5, 15, '2024-02-05'),
(36, 4, 6, 23, '2024-02-07'),
(37, 4, 9, 15, '2024-02-07'),
(38, 4, 10, 25, '2024-02-10'),
(39, 4, 15, 25, '2024-02-12'),
(40, 4, 16, 18, '2024-02-12'),
(41, 4, 17, 13, '2024-02-15'),
(42, 4, 18, 30, '2024-02-18'),
(43, 4, 19, 6, '2024-02-20'),
(44, 4, 14, 10, '2024-02-22'),
(45, 4, 20, 28, '2024-02-28'),
(46, 5, 2, 27, '2024-02-01'),
(47, 5, 10, 23, '2024-02-05'),
(48, 5, 7, 29, '2024-02-10'),
(49, 5, 11, 19, '2024-02-15'),
(50, 5, 15, 30, '2024-02-20'),
(51, 5, 20, 11, '2024-02-28'),
(52, 6, 1, 10, '2024-02-02'),
(53, 6, 2, 14, '2024-02-02'),
(54, 6, 5, 10, '2024-02-05'),
(55, 6, 3, 30, '2024-02-05'),
(56, 6, 9, 9, '2024-02-07'),
(57, 6, 14, 6, '2024-02-10'),
(58, 6, 16, 23, '2024-02-12'),
(59, 6, 17, 13, '2024-02-20'),
(60, 6, 20, 19, '2024-02-26'),
(61, 1, 3, 25, '2024-01-05'),
(62, 1, 9, 11, '2024-01-07'),
(63, 1, 14, 28, '2024-01-14'),
(64, 1, 11, 24, '2024-01-20'),
(65, 1, 2, 24, '2024-01-27'),
(66, 1, 5, 13, '2024-02-02'),
(67, 1, 10, 11, '2024-02-07'),
(68, 1, 16, 14, '2024-02-10'),
(69, 1, 18, 29, '2024-02-14'),
(70, 1, 20, 22, '2024-02-22'),
(71, 1, 1, 17, '2024-03-01'),
(72, 1, 7, 15, '2024-03-05'),
(73, 1, 19, 22, '2024-03-14'),
(74, 1, 14, 6, '2024-03-21'),
(75, 1, 9, 13, '2024-03-29'),
(76, 1, 11, 14, '2024-04-03'),
(77, 1, 3, 27, '2024-04-07'),
(78, 1, 2, 12, '2024-04-14'),
(79, 1, 15, 25, '2024-04-23'),
(80, 1, 18, 5, '2024-04-28'),
(81, 1, 5, 26, '2024-05-02'),
(82, 1, 10, 8, '2024-05-08'),
(83, 1, 14, 7, '2024-05-15'),
(84, 1, 17, 6, '2024-05-20'),
(85, 1, 20, 5, '2024-05-27'),
(86, 1, 2, 30, '2024-06-01'),
(87, 1, 16, 25, '2024-06-05'),
(88, 1, 19, 30, '2024-06-10'),
(89, 1, 1, 21, '2024-06-18'),
(90, 1, 9, 10, '2024-06-29'),
(91, 2, 5, 6, '2024-01-01'),
(92, 2, 7, 24, '2024-01-07'),
(93, 2, 10, 17, '2024-01-15'),
(94, 2, 14, 9, '2024-01-21'),
(95, 2, 20, 16, '2024-01-28'),
(96, 2, 1, 22, '2024-02-03'),
(97, 2, 2, 7, '2024-02-06'),
(98, 2, 16, 30, '2024-02-11'),
(99, 2, 18, 30, '2024-02-18'),
(100, 2, 19, 29, '2024-02-26'),
(101, 2, 9, 16, '2024-03-04'),
(102, 2, 11, 21, '2024-03-10'),
(103, 2, 15, 29, '2024-03-12'),
(104, 2, 5, 25, '2024-03-23'),
(105, 2, 14, 8, '2024-03-30'),
(106, 2, 10, 13, '2024-04-02'),
(107, 2, 7, 8, '2024-04-07'),
(108, 2, 3, 24, '2024-04-14'),
(109, 2, 20, 15, '2024-04-21'),
(110, 2, 1, 23, '2024-04-29'),
(111, 2, 16, 12, '2024-05-03'),
(112, 2, 2, 15, '2024-05-11'),
(113, 2, 5, 9, '2024-05-15'),
(114, 2, 17, 20, '2024-05-20'),
(115, 2, 19, 19, '2024-05-27'),
(116, 2, 9, 27, '2024-06-01'),
(117, 2, 11, 23, '2024-06-08'),
(118, 2, 14, 30, '2024-06-12'),
(119, 2, 20, 25, '2024-06-22'),
(120, 2, 7, 6, '2024-06-29'),
(121, 3, 1, 27, '2024-01-02'),
(122, 3, 14, 6, '2024-01-09'),
(123, 3, 9, 26, '2024-01-14'),
(124, 3, 5, 29, '2024-01-21'),
(125, 3, 19, 10, '2024-01-28'),
(126, 3, 10, 9, '2024-02-03'),
(127, 3, 3, 13, '2024-02-06'),
(128, 3, 2, 8, '2024-02-13'),
(129, 3, 11, 22, '2024-02-19'),
(130, 3, 16, 29, '2024-02-27'),
(131, 3, 7, 21, '2024-03-04'),
(132, 3, 20, 14, '2024-03-09'),
(133, 3, 15, 29, '2024-03-17'),
(134, 3, 4, 21, '2024-03-22'),
(135, 3, 18, 12, '2024-03-29'),
(136, 3, 1, 18, '2024-04-02'),
(137, 3, 2, 23, '2024-04-10'),
(138, 3, 9, 30, '2024-04-14'),
(139, 3, 14, 24, '2024-04-18'),
(140, 3, 11, 29, '2024-04-27'),
(141, 3, 5, 13, '2024-05-05'),
(142, 3, 10, 29, '2024-05-08'),
(143, 3, 19, 21, '2024-05-12'),
(144, 3, 16, 16, '2024-05-21'),
(145, 3, 7, 9, '2024-05-29'),
(146, 3, 20, 22, '2024-06-01'),
(147, 3, 2, 25, '2024-06-09'),
(148, 3, 15, 27, '2024-06-14'),
(149, 3, 1, 29, '2024-06-18'),
(150, 3, 9, 10, '2024-06-28'),
(151, 4, 1, 10, '2024-01-02'),
(152, 4, 9, 15, '2024-01-05'),
(153, 4, 14, 15, '2024-01-10'),
(154, 4, 5, 26, '2024-01-20'),
(155, 4, 19, 30, '2024-01-28'),
(156, 4, 2, 14, '2024-02-02'),
(157, 4, 16, 29, '2024-02-07'),
(158, 4, 10, 17, '2024-02-14'),
(159, 4, 11, 23, '2024-02-21'),
(160, 4, 7, 6, '2024-02-25'),
(161, 4, 3, 8, '2024-03-03'),
(162, 4, 20, 19, '2024-03-09'),
(163, 4, 15, 12, '2024-03-14'),
(164, 4, 1, 25, '2024-03-22'),
(165, 4, 9, 6, '2024-03-28'),
(166, 4, 5, 28, '2024-04-03'),
(167, 4, 14, 15, '2024-04-07'),
(168, 4, 2, 14, '2024-04-14'),
(169, 4, 11, 17, '2024-04-23'),
(170, 4, 19, 15, '2024-04-29'),
(171, 4, 10, 20, '2024-05-02'),
(172, 4, 16, 23, '2024-05-08'),
(173, 4, 7, 25, '2024-05-12'),
(174, 4, 3, 24, '2024-05-20'),
(175, 4, 18, 16, '2024-05-27'),
(176, 4, 20, 30, '2024-06-01'),
(177, 4, 1, 20, '2024-06-05'),
(178, 4, 14, 5, '2024-06-13'),
(179, 4, 9, 14, '2024-06-23'),
(180, 4, 2, 23, '2024-06-29'),
(181, 5, 5, 17, '2024-01-02'),
(182, 5, 10, 13, '2024-01-05'),
(183, 5, 9, 9, '2024-01-10'),
(184, 5, 14, 27, '2024-01-20'),
(185, 5, 19, 24, '2024-01-28'),
(186, 5, 1, 8, '2024-02-03'),
(187, 5, 7, 17, '2024-02-06'),
(188, 5, 18, 5, '2024-02-12'),
(189, 5, 16, 20, '2024-02-17'),
(190, 5, 11, 28, '2024-02-25'),
(191, 5, 3, 25, '2024-03-03'),
(192, 5, 20, 11, '2024-03-09'),
(193, 5, 15, 26, '2024-03-14'),
(194, 5, 1, 13, '2024-03-22'),
(195, 5, 9, 10, '2024-03-28'),
(196, 5, 5, 6, '2024-04-03'),
(197, 5, 14, 20, '2024-04-07'),
(198, 5, 2, 27, '2024-04-14'),
(199, 5, 11, 18, '2024-04-23'),
(200, 5, 19, 5, '2024-04-29'),
(201, 5, 10, 17, '2024-05-02'),
(202, 5, 16, 14, '2024-05-08'),
(203, 5, 7, 17, '2024-05-12'),
(204, 5, 3, 11, '2024-05-20'),
(205, 5, 18, 24, '2024-05-27'),
(206, 5, 20, 6, '2024-06-01'),
(207, 5, 1, 7, '2024-06-05'),
(208, 5, 14, 12, '2024-06-13'),
(209, 5, 9, 8, '2024-06-23'),
(210, 5, 2, 27, '2024-06-29'),
(211, 6, 5, 27, '2024-01-02'),
(212, 6, 10, 23, '2024-01-05'),
(213, 6, 9, 6, '2024-01-10'),
(214, 6, 14, 8, '2024-01-20'),
(215, 6, 19, 15, '2024-01-28'),
(216, 6, 1, 22, '2024-02-03'),
(217, 6, 7, 10, '2024-02-06'),
(218, 6, 18, 28, '2024-02-12'),
(219, 6, 16, 30, '2024-02-17'),
(220, 6, 11, 11, '2024-02-25'),
(221, 6, 3, 11, '2024-03-03'),
(222, 6, 20, 17, '2024-03-09'),
(223, 6, 15, 24, '2024-03-14'),
(224, 6, 1, 10, '2024-03-22'),
(225, 6, 9, 27, '2024-03-28'),
(226, 6, 5, 22, '2024-04-03'),
(227, 6, 14, 23, '2024-04-07'),
(228, 6, 2, 20, '2024-04-14'),
(229, 6, 11, 28, '2024-04-23'),
(230, 6, 19, 22, '2024-04-29'),
(231, 6, 10, 22, '2024-05-02'),
(232, 6, 16, 15, '2024-05-08'),
(233, 6, 7, 28, '2024-05-12'),
(234, 6, 3, 11, '2024-05-20'),
(235, 6, 18, 22, '2024-05-27'),
(236, 6, 20, 18, '2024-06-01'),
(237, 6, 1, 20, '2024-06-05'),
(238, 6, 14, 14, '2024-06-13'),
(239, 6, 9, 7, '2024-06-23'),
(240, 6, 2, 15, '2024-06-29'),
(241, 1, 1, 24, '2024-01-03'),
(242, 1, 3, 18, '2024-01-07'),
(243, 1, 6, 12, '2024-01-10'),
(244, 2, 11, 30, '2024-01-02'),
(245, 2, 15, 30, '2024-01-05'),
(246, 3, 2, 28, '2024-01-05'),
(247, 3, 13, 20, '2024-01-10'),
(248, 3, 10, 11, '2024-01-15'),
(249, 4, 4, 15, '2024-01-02'),
(250, 4, 9, 14, '2024-01-12'),
(251, 5, 16, 22, '2024-01-03'),
(252, 5, 17, 9, '2024-01-18'),
(253, 5, 20, 27, '2024-01-25'),
(254, 6, 5, 28, '2024-01-05'),
(255, 6, 12, 26, '2024-01-09'),
(256, 6, 14, 15, '2024-01-20'),
(257, 6, 7, 21, '2024-01-28'),
(258, 1, 2, 27, '2024-01-14'),
(259, 1, 8, 16, '2024-01-27'),
(260, 1, 1, 20, '2024-01-30');

-- --------------------------------------------------------

--
-- Tablo için tablo yapısı `subeler`
--

CREATE TABLE `subeler` (
  `id` int(11) NOT NULL,
  `sube_adi` varchar(100) NOT NULL
) ENGINE=InnoDB DEFAULT CHARSET=utf8 COLLATE=utf8_general_ci;

--
-- Tablo döküm verisi `subeler`
--

INSERT INTO `subeler` (`id`, `sube_adi`) VALUES
(1, 'Mahal Kafe (Burhaniye)'),
(2, 'Mahal Kafe (Ayvalık)'),
(3, 'Mahal Kafe (Edremit)'),
(4, 'Mahal Kafe (Bandırma)'),
(5, 'Mahal Kafe (Karesi)'),
(6, 'Mahal Kafe (Altıeylül)');

-- --------------------------------------------------------

--
-- Tablo için tablo yapısı `sube_musteri_analiz`
--

CREATE TABLE `sube_musteri_analiz` (
  `id` int(11) NOT NULL,
  `sube_id` int(11) NOT NULL,
  `musteri_sayisi` int(11) NOT NULL,
  `analiz_tarihi` date NOT NULL
) ENGINE=InnoDB DEFAULT CHARSET=utf8 COLLATE=utf8_general_ci;

--
-- Tablo döküm verisi `sube_musteri_analiz`
--

INSERT INTO `sube_musteri_analiz` (`id`, `sube_id`, `musteri_sayisi`, `analiz_tarihi`) VALUES
(1, 1, 45000, '2024-01-02'),
(2, 1, 25400, '2024-02-01'),
(3, 1, 19853, '2024-03-01'),
(4, 1, 10532, '2024-04-01'),
(5, 1, 19000, '2024-05-01'),
(6, 1, 15421, '2024-06-01'),
(7, 2, 14438, '2024-01-01'),
(8, 2, 16701, '2024-02-01'),
(9, 2, 12145, '2024-03-01'),
(10, 2, 19654, '2024-04-01'),
(11, 2, 10788, '2024-05-01'),
(12, 2, 17866, '2024-06-01'),
(13, 3, 13788, '2024-01-01'),
(14, 3, 18893, '2024-02-01'),
(15, 3, 15822, '2024-03-01'),
(16, 3, 19669, '2024-04-01'),
(17, 3, 10555, '2024-05-01'),
(18, 3, 19410, '2024-06-01'),
(19, 4, 15100, '2024-01-01'),
(20, 4, 18777, '2024-02-01'),
(21, 4, 16019, '2024-03-01'),
(22, 4, 11234, '2024-04-01'),
(23, 4, 17555, '2024-05-01'),
(24, 4, 19999, '2024-06-01'),
(25, 5, 11220, '2024-01-01'),
(26, 5, 12009, '2024-02-01'),
(27, 5, 14466, '2024-03-01'),
(28, 5, 17777, '2024-04-01'),
(29, 5, 14600, '2024-05-01'),
(30, 5, 19921, '2024-06-01'),
(31, 6, 12121, '2024-01-01'),
(32, 6, 16666, '2024-02-01'),
(33, 6, 10500, '2024-03-01'),
(34, 6, 12444, '2024-04-01'),
(35, 6, 18555, '2024-05-01'),
(36, 6, 19001, '2024-06-01');

-- --------------------------------------------------------

--
-- Tablo için tablo yapısı `urunler`
--

CREATE TABLE `urunler` (
  `id` int(11) NOT NULL,
  `kategori_id` int(11) NOT NULL,
  `urun_adi` varchar(100) NOT NULL,
  `alis_fiyati` decimal(10,2) NOT NULL,
  `satis_fiyati` decimal(10,2) NOT NULL
) ENGINE=InnoDB DEFAULT CHARSET=utf8 COLLATE=utf8_general_ci;

--
-- Tablo döküm verisi `urunler`
--

INSERT INTO `urunler` (`id`, `kategori_id`, `urun_adi`, `alis_fiyati`, `satis_fiyati`) VALUES
(1, 1, 'Bira', 25.00, 45.00),
(2, 1, 'Şarap', 100.00, 150.00),
(3, 1, 'Viski', 350.00, 500.00),
(4, 1, 'Votka', 250.00, 400.00),
(5, 1, 'Rakı', 350.00, 550.00),
(6, 1, 'Tekila', 400.00, 600.00),
(7, 1, 'Brendi', 300.00, 450.00),
(8, 1, 'Cin', 250.00, 400.00),
(9, 1, 'Rom', 300.00, 500.00),
(10, 1, 'Likör', 200.00, 300.00),
(11, 2, 'Kola', 7.00, 17.00),
(12, 2, 'Gazoz', 5.00, 14.00),
(13, 2, 'Meyve Suyu', 8.00, 18.00),
(14, 2, 'Soda', 3.00, 8.00),
(15, 2, 'Su', 2.00, 10.00),
(16, 2, 'Kahve', 15.00, 30.00),
(17, 2, 'Çay', 8.00, 20.00),
(18, 2, 'Limonata', 12.00, 25.00),
(19, 2, 'Milkshake', 15.00, 35.00),
(20, 2, 'Enerji İçeceği', 20.00, 40.00);

-- --------------------------------------------------------

--
-- Tablo için tablo yapısı `urun_kategorileri`
--

CREATE TABLE `urun_kategorileri` (
  `id` int(11) NOT NULL,
  `kategori_adi` varchar(100) NOT NULL
) ENGINE=InnoDB DEFAULT CHARSET=utf8 COLLATE=utf8_general_ci;

--
-- Tablo döküm verisi `urun_kategorileri`
--

INSERT INTO `urun_kategorileri` (`id`, `kategori_adi`) VALUES
(1, 'Alkollü İçecekler'),
(2, 'Alkolsüz İçecekler');

--
-- Dökümü yapılmış tablolar için indeksler
--

--
-- Tablo için indeksler `siparisler`
--
ALTER TABLE `siparisler`
  ADD PRIMARY KEY (`id`),
  ADD KEY `sube_id` (`sube_id`),
  ADD KEY `urun_id` (`urun_id`);

--
-- Tablo için indeksler `subeler`
--
ALTER TABLE `subeler`
  ADD PRIMARY KEY (`id`);

--
-- Tablo için indeksler `sube_musteri_analiz`
--
ALTER TABLE `sube_musteri_analiz`
  ADD PRIMARY KEY (`id`),
  ADD KEY `analiz_tarihi` (`analiz_tarihi`),
  ADD KEY `fk_sube_musteri` (`sube_id`);

--
-- Tablo için indeksler `urunler`
--
ALTER TABLE `urunler`
  ADD PRIMARY KEY (`id`),
  ADD KEY `kategori_id` (`kategori_id`);

--
-- Tablo için indeksler `urun_kategorileri`
--
ALTER TABLE `urun_kategorileri`
  ADD PRIMARY KEY (`id`);

--
-- Dökümü yapılmış tablolar için AUTO_INCREMENT değeri
--

--
-- Tablo için AUTO_INCREMENT değeri `siparisler`
--
ALTER TABLE `siparisler`
  MODIFY `id` int(11) NOT NULL AUTO_INCREMENT, AUTO_INCREMENT=261;

--
-- Tablo için AUTO_INCREMENT değeri `subeler`
--
ALTER TABLE `subeler`
  MODIFY `id` int(11) NOT NULL AUTO_INCREMENT, AUTO_INCREMENT=7;

--
-- Tablo için AUTO_INCREMENT değeri `sube_musteri_analiz`
--
ALTER TABLE `sube_musteri_analiz`
  MODIFY `id` int(11) NOT NULL AUTO_INCREMENT, AUTO_INCREMENT=37;

--
-- Tablo için AUTO_INCREMENT değeri `urunler`
--
ALTER TABLE `urunler`
  MODIFY `id` int(11) NOT NULL AUTO_INCREMENT, AUTO_INCREMENT=21;

--
-- Tablo için AUTO_INCREMENT değeri `urun_kategorileri`
--
ALTER TABLE `urun_kategorileri`
  MODIFY `id` int(11) NOT NULL AUTO_INCREMENT, AUTO_INCREMENT=3;

--
-- Dökümü yapılmış tablolar için kısıtlamalar
--

--
-- Tablo kısıtlamaları `siparisler`
--
ALTER TABLE `siparisler`
  ADD CONSTRAINT `siparisler_ibfk_1` FOREIGN KEY (`sube_id`) REFERENCES `subeler` (`id`),
  ADD CONSTRAINT `siparisler_ibfk_2` FOREIGN KEY (`urun_id`) REFERENCES `urunler` (`id`);

--
-- Tablo kısıtlamaları `sube_musteri_analiz`
--
ALTER TABLE `sube_musteri_analiz`
  ADD CONSTRAINT `fk_sube_musteri` FOREIGN KEY (`sube_id`) REFERENCES `subeler` (`id`) ON DELETE CASCADE ON UPDATE CASCADE;

--
-- Tablo kısıtlamaları `urunler`
--
ALTER TABLE `urunler`
  ADD CONSTRAINT `urunler_ibfk_1` FOREIGN KEY (`kategori_id`) REFERENCES `urun_kategorileri` (`id`);
COMMIT;

/*!40101 SET CHARACTER_SET_CLIENT=@OLD_CHARACTER_SET_CLIENT */;
/*!40101 SET CHARACTER_SET_RESULTS=@OLD_CHARACTER_SET_RESULTS */;
/*!40101 SET COLLATION_CONNECTION=@OLD_COLLATION_CONNECTION */;
